﻿ID,Tên bàn,Tiền mở bàn,Khu vực,Nhóm hiển thị,Loại phòng,Ghi chú
1,101,100000,Khu vực 1,Một giường 1.8,Một giường 1.8,
2,102,100000,Khu vực 1,Một giường 1.8,Một giường 1.8,
3,103,100000,Khu vực 1,Một giường 1.8,Một giường 1.8,
4,104,100000,Khu vực 1,Một giường 1.8,Một giường 1.8,
5,201,100000,Khu vực 2,Một giường 1.8,Một giường 1.8,
6,202,100000,Khu vực 2,Một giường 1.8,Một giường 1.8,
7,203,100000,Khu vực 2,Một giường 1.8,Một giường 1.8,
8,204,100000,Khu vực 2,Một giường 1.8,Một giường 1.8,
9,301,100000,Khu vực 3,Phòng 3 giường đơn,Phòng 3 giường đơn,
10,302,100000,Khu vực 3,Phòng 3 giường đơn,Phòng 3 giường đơn,
11,303,100000,Khu vực 3,Phòng 3 giường đơn,Phòng 3 giường đơn,
12,304,0,Khu vực 3,Phòng 3 giường đơn,Phòng 3 giường đơn,
13,305,10000,Khu vực 3,Phòng đôi 4 giường,Phòng đôi 4 giường,
14,105,10000,Khu vực 1,Phòng đôi 2 giường đơn,Phòng đôi 2 giường đơn,
15,106,0,Khu vực 1,Phòng đôi 2 giường đơn,Phòng đôi 2 giường đơn,
16,108,0,Khu vực 1,Phòng đôi 2 giường đơn,Phòng đôi 2 giường đơn,
17,109,0,Khu vực 1,Phòng đôi 2 giường đơn,Phòng đôi 2 giường đơn,
18,110,0,Khu vực 1,Phòng đôi 4 giường,Phòng đôi 4 giường,
19,111,0,Khu vực 1,Phòng đôi 4 giường,Phòng đôi 4 giường,
20,112,0,Khu vực 1,Phòng đôi 4 giường,Phòng đôi 4 giường,
21,113,0,Khu vực 1,Phòng đôi 4 giường,Phòng đôi 4 giường,
22,306,0,Khu vực 1,Một giường 1.8,Một giường 1.8,
23,307,0,Khu vực 1,Một giường 1.8,Một giường 1.8,
24,401,0,Khu vuc 4,Một giường 1.8,Một giường 1.8,
25,402,0,Khu vuc 4,Một giường 1.8,Một giường 1.8,
26,KV1,0,Khu vuc 2,Floor2,,
