﻿ID,Tên khách hàng,Địa chỉ,Điện thoại,Số CMND,GPLX,Hộ chiếu,Tên bảng giá,Ngày,Mã thẻ từ,Số khách,Nhân viên,Ngày bắt đầu,Ngày kết thúc,Phòng,Trạng thái phòng
0,,,,,,,Bang giá 1,26/08/2018,,1,,26/08/2018 12:22,26/08/2018 12:22,101, Mở phòng
25,,,,,,,Bang giá 1,26/08/2018,,1,,26/08/2018 12:22,26/08/2018 12:22,KV1, Mở phòng
3,,,,,,,Bang giá 1,26/08/2018,,1,,26/08/2018 14:12,26/08/2018 12:22,104, Mở phòng
2,,,,,,,Bang giá 1,26/08/2018,,11,,26/08/2018 12:22,26/08/2018 12:22,103, Mở phòng
4,,,,,,,Bang giá 1,26/08/2018,,3,,26/08/2018 12:22,26/08/2018 12:22,306, Mở phòng
