﻿ID,Mã sản phẩm,Tên sản phẩm,Giá mua,Đơn vị tính mua,Giá bán,Đơn vị tính bán,Tên nhóm mặt hàng,Loại sản phẩm,Quy đổi
1,MH001,Cơm bò,25000,Suất,50000,Suất,MH001,Mặt hàng pha chế,1
2,MH002,Cơm bò xào,25000,Suất,50000,Suất,MH001,Mặt hàng pha chế,1
3,MH003,Cơm bò chiên,25000,Suất,50000,Suất,MH001,Mặt hàng pha chế,1
4,MH003,mì gói,25000,Suất,50000,Suất,MH001,Mặt hàng pha chế,1
5,MH003,mì xào bò,25000,Suất,50000,Suất,MH001,Mặt hàng pha chế,1
6,MH003,Cơm chiên DC,25000,Suất,50000,Suất,MH001,Mặt hàng pha chế,1
7,MH003,Cơm chiên cá mặn,25000,Suất,50000,Suất,MH001,Mặt hàng pha chế,1
8,MH003,Coffee,25000,Suất,50000,Suất,MH001,Mặt hàng pha chế,1
9,MH003,Trà sữa,25000,Ly,50000,Ly,MH001,Mặt hàng pha chế,1
